Time 1,Monday,Tuesday,Wednesday,Time 2,Thursday,Friday,Time 1_dup
,,,,,,,
1A (Ms. Debby and Ms. Destha),,,,,,,
Time 1,Monday,Tuesday,Wednesday,Time 2,Thursday,Friday,
07.45-08.00,PC Session,PC Session,PC Session,07.45-08.20,UoI,PC Session,07.45-08.00
08.00-08.35,Assembly,Mandarin,PSPE,08.20-08.55,English B,Math,08.00-08.35
08.35-09.10,UoI,Mandarin,PSPE,08.55-09.30,English B,Math,08.35-09.10
09.10-09.35,Break,Break,Break,09.30-09.45,Break,Break,09.10-09.35
09.35-10.10,UoI,BI,Library,09.45-10.20,Singing/Music,UoI,09.35-10.10
10.10-10.45,English A,VA,Math,10.20-10.55,BI,UoI,10.10-10.45
10.45-11.20,English A,BI,Math,10.55-11.30,BI,UoI,10.45-11.20
11.20-11.50,Break,Break,Break,11.30-11.50,Break,Break,11.20-11.50
11.50-12.25,IT,SEL,Reacter,11.50-12.25,Math,English B,11.50-12.25
12.25-13.00,IT,P.Pancasila,Reacter,12.25-13.25,Excur,English B,12.25-13.00
13.00-13.10,Preparation,Preparation,Preparation,13.25-13.30,Preparation,Preparation,13.00-13.10
,,,,,,,
1B (Ms. Hermin and Ms. Jenny P),,,,,,,
Time 1,Monday,Tuesday,Wednesday,Time 2,Thursday,Friday,
07.45-08.00,PC Session,PC Session,PC Session,07.45-08.20,Math,PC Session,07.45-08.00
08.00-08.35,Assembly,English B,Reacter,08.20-08.55,Math,IT,08.00-08.35
08.35-09.10,English A,English B,Reacter,08.55-09.30,BI,IT,08.35-09.10
09.10-09.35,Break,Break,Break,09.30-09.45,Break,Break,09.10-09.35
09.35-10.10,English A,Mandarin,Math,09.45-10.20,BI,UoI,09.35-10.10
10.10-10.45,UoI,Mandarin,PSPE,10.20-10.55,Singing/Music,UoI,10.10-10.45
10.45-11.20,UoI,BI,PSPE,10.55-11.30,English B,UoI,10.45-11.20
11.20-11.50,Break,Break,Break,11.30-11.50,Break,Break,11.20-11.50
11.50-12.25,VA,BI,Library,11.50-12.25,English B,Math,11.50-12.25
12.25-13.00,SEL,P.Pancasila,UoI,12.25-13.25,Excur,Math,12.25-13.00
13.00-13.10,Preparation,Preparation,Preparation,13.25-13.30,Preparation,Preparation,13.00-13.10
,,,,,,,
1C (Ms. Natalia and Ms. Endah),,,,,,,
Time 1,Monday,Tuesday,Wednesday,Time 2,Thursday,Friday,
07.45-08.00,PC Session,PC Session,PC Session,07.45-08.20,Math,PC Session,07.45-08.00
08.00-08.35,Assembly,Math,BI,08.20-08.55,Math,English B,08.00-08.35
08.35-09.10,UoI,Math,BI,08.55-09.30,BI,English B,08.35-09.10
09.10-09.35,Break,Break,Break,09.30-09.45,Break,Break,09.10-09.35
09.35-10.10,UoI,UoI,Reacter,09.45-10.20,English B,UoI,09.35-10.10
10.10-10.45,VA,P.Pancasila,Reacter,10.20-10.55,English B,UoI,10.10-10.45
10.45-11.20,Math,Mandarin,Lib,10.55-11.30,Singing/Music,UoI,10.45-11.20
11.20-11.50,Break,Break,Break,11.30-11.50,Break,Break,11.20-11.50
11.50-12.25,English A,Mandarin,PSPE,11.50-12.25,BI,IT,11.50-12.25
12.25-13.00,English A,SEL,PSPE,12.25-13.25,Excur,IT,12.25-13.00
13.00-13.10,Preparation,Preparation,Preparation,13.25-13.30,Preparation,Preparation,13.00-13.10
,,,,,,,
2A (Ms. Yanti and Ms. Gloria),,,,,,,
Time 1,Monday,Tuesday,Wednesday,Time 2,Thursday,Friday,
07.45-08.00,PC Session,PC Session,PC Session,07.45-08.20,SEL,PC Session,07.45-08.00
08.00-08.35,PSPE,English A,English B,08.20-08.55,Math,UoI,08.00-08.35
08.35-09.10,PSPE,English A,English B,08.55-09.30,Math,UoI,08.35-09.10
09.10-09.35,Break,Break,Break,09.30-09.45,Break,Break,09.10-09.35
09.35-10.10,UoI,Reacter,Mandarin,09.45-10.20,Music/Singing,Math,09.35-10.10
10.10-10.45,UoI,Reacter,Mandarin,10.20-10.55,IT,Math,10.10-10.45
10.45-11.20,BI,Math,VA,10.55-11.30,IT,P.Pancasila,10.45-11.20
11.20-11.50,Break,Break,Break,11.30-11.50,Break,Break,11.20-11.50
11.50-12.25,BI,UoI,BI,11.50-12.25,Library,English B,11.50-12.25
12.25-13.00,Assembly,UoI,BI,12.25-13.25,Excur,English B,12.25-13.00
13.00-13.10,Preparation,Preparation,Preparation,13.25-13.30,Preparation,Preparation,13.00-13.10
,,,,,,,
2B (Ms. Yudith and Ms. Wang),,,,,,,
Time 1,Monday,Tuesday,Wednesday,Time 2,Thursday,Friday,
07.45-08.00,PC Session,PC Session,PC Session,07.45-08.20,Math,PC Session,07.45-08.00
08.00-08.35,English B,Reacter,UoI,08.20-08.55,SEL,UoI,08.00-08.35
08.35-09.10,English B,Reacter,VA,08.55-09.30,Mandarin,UoI,08.35-09.10
09.10-09.35,Break,Break,Break,09.30-09.45,Break,Break,09.10-09.35
09.35-10.10,PSPE,Math,UoI,09.45-10.20,Mandarin,IT,09.35-10.10
10.10-10.45,PSPE,BI,BI,10.20-10.55,Music/Singing,IT,10.10-10.45
10.45-11.20,UoI,BI,BI,10.55-11.30,Math,Math,10.45-11.20
11.20-11.50,Break,Break,Break,11.30-11.50,Break,Break,11.20-11.50
11.50-12.25,UoI,English B,English A,11.50-12.25,P.Pancasila,Math,11.50-12.25
12.25-13.00,Assembly,English B,English A,12.25-13.25,Excur,Library,12.25-13.00
13.00-13.10,Preparation,Preparation,Preparation,13.25-13.30,Preparation,Preparation,13.00-13.10
,,,,,,,
2C (Ms. Dewi  and Ms. Rahayu),,,,,,,
Time 1,Monday,Tuesday,Wednesday,Time 2,Thursday,Friday,
07.45-08.00,PC Session,PC Session,PC Session,07.45-08.20,Mandarin,PC Session,07.45-08.00
08.00-08.35,Reacter,PSPE,IT,08.20-08.55,Mandarin,UoI,08.00-08.35
08.35-09.10,Reacter,PSPE,IT,08.55-09.30,Math,UoI,08.35-09.10
09.10-09.35,Break,Break,Break,09.30-09.45,Break,Break,09.10-09.35
09.35-10.10,UoI,English A,VA,09.45-10.20,Library,English B,09.35-10.10
10.10-10.45,UoI,English A,UoI,10.20-10.55,Math,English B,10.10-10.45
10.45-11.20,BI,Math,UoI,10.55-11.30,Music/Singing,P.Pancasila,10.45-11.20
11.20-11.50,Break,Break,Break,11.30-11.50,Break,Break,11.20-11.50
11.50-12.25,BI,BI,English B,11.50-12.25,SEL,Math,11.50-12.25
12.25-13.00,Assembly,BI,English B,12.25-13.25,Excur,Math,12.25-13.00
13.00-13.10,Preparation,Preparation,Preparation,13.25-13.30,Preparation,Preparation,13.00-13.10
,,,,,,,
2D (Ms. Celine and Mr. Adhik),,,,,,,
Time 1,Monday,Tuesday,Wednesday,Time 2,Thursday,Friday,
07.45-08.00,PC Session,PC Session,PC Session,07.45-08.20,Math,PC Session,07.45-08.00
08.00-08.35,UoI,IT,Mandarin,08.20-08.55,Math,UoI,08.00-08.35
08.35-09.10,UoI,IT,Mandarin,08.55-09.30,BI,UoI,08.35-09.10
09.10-09.35,Break,Break,Break,09.30-09.45,Break,Break,09.10-09.35
09.35-10.10,Reacter,PSPE,UoI,09.45-10.20,BI,Math,09.35-10.10
10.10-10.45,Reacter,PSPE,English B,10.20-10.55,Library,Math,10.10-10.45
10.45-11.20,English B,Math,English B,10.55-11.30,SEL,P.Pancasila,10.45-11.20
11.20-11.50,Break,Break,Break,11.30-11.50,Break,Break,11.20-11.50
11.50-12.25,English B,BI,VA,11.50-12.25,Music/Singing,English A,11.50-12.25
12.25-13.00,Assembly,BI,UoI,12.25-13.25,Excur,English A,12.25-13.00
13.00-13.10,Preparation,Preparation,Preparation,13.25-13.30,Preparation,Preparation,13.00-13.10
,,,,,,,
3A (Ms. Tina and Mr. Hendro),,,,,,,
Time 1,Monday,Tuesday,Wednesday,Time 2,Thursday,Friday,
07.45-08.00,PC Session,PC Session,Assembly,07.45-08.20,PC Session,PC Session,07.45-08.00
08.00-08.35,IT,English B,English A,08.20-08.55,Math,BI,08.00-08.35
08.35-09.10,IT,English B,English A,08.55-09.30,Math,Library,08.35-09.10
09.10-09.35,Break,Break,Break,09.30-09.45,Break,Break,09.10-09.35
09.35-10.10,P.Pancasila,Math,VA,09.45-10.20,English B,Math,09.35-10.10
10.10-10.45,Music,Singing,VA,10.20-10.55,English B,Math,10.10-10.45
10.45-11.20,UoI,Math,UoI,10.55-11.30,SEL,PSPE,10.45-11.20
11.20-11.55,UoI,Math,Break,11.30-11.50,BI,PSPE,11.20-11.55
11.55-12.25,Break,Break,BI,11.50-12.25,Break,Break,11.55-12.25
12.25-13.00,Mandarin,Reacter,BI,12.25-13.00,UoI,UoI,12.25-13.00
13.00-13.35,Mandarin,Reacter,Excur,13.00-14.00,UoI,UoI,13.00-13.35
13.35-13.45,Preparation,Preparation,Preparation,14.00-14.05,Preparation,Preparation,13.35-13.45
,,,,,,,
3B (Ms. Etha and Ms. Rachelle),,,,,,,
Time 1,Monday,Tuesday,Wednesday,Time 2,Thursday,Friday,
07.45-08.00,PC Session,PC Session,Assembly,07.45-08.20,PC Session,PC Session,07.45-08.00
08.00-08.35,UoI,Math,Reacter,08.20-08.55,English B,VA,08.00-08.35
08.35-09.10,UoI,Math,Reacter,08.55-09.30,English B,VA,08.35-09.10
09.10-09.35,Break,Break,Break,09.30-09.45,Break,Break,09.10-09.35
09.35-10.10,Mandarin,English B,English A,09.45-10.20,PSPE,Library,09.35-10.10
10.10-10.45,Mandarin,English B,English A,10.20-10.55,PSPE,Math,10.10-10.45
10.45-11.20,Music,Singing,UoI,10.55-11.30,Math,Math,10.45-11.20
11.20-11.55,P.Pancasila,SEL,Break,11.30-11.50,Math,BI,11.20-11.55
11.55-12.25,Break,Break,BI,11.50-12.25,Break,Break,11.55-12.25
12.25-13.00,IT,Math,BI,12.25-13.00,UoI,UoI,12.25-13.00
13.00-13.35,IT,BI,Excur,13.00-14.00,UoI,UoI,13.00-13.35
13.35-13.45,Preparation,Preparation,Preparation,14.00-14.05,Preparation,Preparation,13.35-13.45
,,,,,,,
3C (Ms. Icha and Ms. Kristiani),,,,,,,
Time 1,Monday,Tuesday,Wednesday,Time 2,Thursday,Friday,
07.45-08.00,PC Session,PC Session,Assembly,07.45-08.20,PC Session,PC Session,07.45-08.00
08.00-08.35,Mandarin,English B,IT,08.20-08.55,BI,PSPE,08.00-08.35
08.35-09.10,Mandarin,English B,IT,08.55-09.30,SEL,PSPE,08.35-09.10
09.10-09.35,Break,Break,Break,09.30-09.45,Break,Break,09.10-09.35
09.35-10.10,UoI,Math,Reacter,09.45-10.20,English A,BI,09.35-10.10
10.10-10.45,UoI,Math,Reacter,10.20-10.55,English A,Library,10.10-10.45
10.45-11.20,P.Pancasila,Math,UoI,10.55-11.30,Math,Math,10.45-11.20
11.20-11.55,Music,Singing,Break,11.30-11.50,Math,Math,11.20-11.55
11.55-12.25,Break,Break,BI,11.50-12.25,Break,Break,11.55-12.25
12.25-13.00,English B,VA,BI,12.25-13.00,UoI,UoI,12.25-13.00
13.00-13.35,English B,VA,Excur,13.00-14.00,UoI,UoI,13.00-13.35
13.35-13.45,Preparation,Preparation,Preparation,14.00-14.05,Preparation,Preparation,13.35-13.45
,,,,,,,
3D (Ms. Fefe and Ms. Sherly),,,,,,,
Time 1,Monday,Tuesday,Wednesday,Time 2,Thursday,Friday,
07.45-08.00,PC Session,PC Session,Assembly,07.45-08.20,PC Session,PC Session,07.45-08.00
08.00-08.35,UoI,Math,Mandarin,08.20-08.55,English A,Math,08.00-08.35
08.35-09.10,UoI,Math,Mandarin,08.55-09.30,English A,Math,08.35-09.10
09.10-09.35,Break,Break,Break,09.30-09.45,Break,Break,09.10-09.35
09.35-10.10,English B,English B,IT,09.45-10.20,Math,PSPE,09.35-10.10
10.10-10.45,English B,English B,IT,10.20-10.55,Math,PSPE,10.10-10.45
10.45-11.20,Reacter,VA,UoI,10.55-11.30,Math,Library,10.45-11.20
11.20-11.55,Reacter,VA,Break,11.30-11.50,BI,BI,11.20-11.55
11.55-12.25,Break,Break,BI,11.50-12.25,Break,Break,11.55-12.25
12.25-13.00,Music,Singing,BI,12.25-13.00,UoI,UoI,12.25-13.00
13.00-13.35,P.Pancasila,SEL,Excur,13.00-14.00,UoI,UoI,13.00-13.35
13.35-13.45,Preparation,Preparation,Preparation,14.00-14.05,Preparation,Preparation,13.35-13.45
,,,,,,,
3E (Ms. Natali and Ms. Renlin),,,,,,,
Time 1,Monday,Tuesday,Wednesday,Time 2,Thursday,Friday,
07.45-08.00,PC Session,PC Session,Assembly,07.45-08.20,PC Session,PC Session,07.45-08.00
08.00-08.35,UoI,Math,VA,08.20-08.55,PSPE,Math,08.00-08.35
08.35-09.10,UoI,Math,VA,08.55-09.30,PSPE,Math,08.35-09.10
09.10-09.35,Break,Break,Break,09.30-09.45,Break,Break,09.10-09.35
09.35-10.10,Reacter,Math,Mandarin,09.45-10.20,Math,IT,09.35-10.10
10.10-10.45,Reacter,BI,Mandarin,10.20-10.55,Math,IT,10.10-10.45
10.45-11.20,English B,English B,UoI,10.55-11.30,English A,BI,10.45-11.20
11.20-11.55,English B,English B,Break,11.30-11.50,English A,Library,11.20-11.55
11.55-12.25,Break,Break,BI,11.50-12.25,Break,Break,11.55-12.25
12.25-13.00,P.Pancasila,SEL,BI,12.25-13.00,UoI,UoI,12.25-13.00
13.00-13.35,Music,Singing,Excur,13.00-14.00,UoI,UoI,13.00-13.35
13.35-13.45,Preparation,Preparation,Preparation,14.00-14.05,Preparation,Preparation,13.35-13.45
,,,,,,,
4A (Ms. Sharon and Mr. Kornel),,,,,,,
Time 1,Monday,Tuesday,Wednesday,Time 2,Thursday,Friday,
07.45-08.00,PC Session,PC Session,UoI,07.45-08.20,PC Session,PC Session,07.45-08.00
08.00-08.35,PSPE,IT,UoI,08.20-08.55,Mandarin,Math,08.00-08.35
08.35-09.10,PSPE,IT,UoI,08.55-09.30,Mandarin,Math,08.35-09.10
09.10-09.35,Break,Break,Break,09.30-09.45,Break,Break,09.10-09.35
09.35-10.10,English B,English B,Math,09.45-10.20,BI,English A,09.35-10.10
10.10-10.45,English B,English B,Math,10.20-10.55,BI,English A,10.10-10.45
10.45-11.20,SEL,Singing,Reacter,10.55-11.30,Math,BI,10.45-11.20
11.20-11.55,P.Pancasila,Library,Break,11.30-11.50,Math,BI,11.20-11.55
11.55-12.25,Break,Break,Reacter,11.50-12.25,Break,Break,11.55-12.25
12.25-13.00,UoI,Math,Assembly,12.25-13.00,UoI,VA,12.25-13.00
13.00-13.35,UoI,Music,Excur,13.00-14.00,UoI,VA,13.00-13.35
13.35-13.45,Preparation,Preparation,Preparation,14.00-14.05,Preparation,Preparation,13.35-13.45
,,,,,,,
4B (Ms. Lia and Mr. Albert),,,,,,,
Time 1,Monday,Tuesday,Wednesday,Time 2,Thursday,Friday,
07.45-08.00,PC Session,PC Session,UoI,07.45-08.20,PC Session,PC Session,07.45-08.00
08.00-08.35,UoI,BI,UoI,08.20-08.55,VA,English A,08.00-08.35
08.35-09.10,UoI,BI,UoI,08.55-09.30,VA,English A,08.35-09.10
09.10-09.35,Break,Break,Break,09.30-09.45,Break,Break,09.10-09.35
09.35-10.10,PSPE,Math,Math,09.45-10.20,Mandarin,Reacter,09.35-10.10
10.10-10.45,PSPE,Music,Math,10.20-10.55,Mandarin,Reacter,10.10-10.45
10.45-11.20,P.Pancasila,Library,English B,10.55-11.30,Math,Math,10.45-11.20
11.20-11.55,English B,Singing,Break,11.30-11.50,Math,Math,11.20-11.55
11.55-12.25,Break,Break,English B,11.50-12.25,Break,Break,11.55-12.25
12.25-13.00,English B,IT,Assembly,12.25-13.00,UoI,BI,12.25-13.00
13.00-13.35,SEL,IT,Excur,13.00-14.00,UoI,BI,13.00-13.35
13.35-13.45,Preparation,Preparation,Preparation,14.00-14.05,Preparation,Preparation,13.35-13.45
,,,,,,,
4C (Ms. Fosa and Ms. Meitha),,,,,,,
Time 1,Monday,Tuesday,Wednesday,Time 2,Thursday,Friday,
07.45-08.00,PC Session,PC Session,UoI,07.45-08.20,PC Session,PC Session,07.45-08.00
08.00-08.35,P.Pancasila,Math,UoI,08.20-08.55,English B,Mandarin,08.00-08.35
08.35-09.10,SEL,Library,UoI,08.55-09.30,English B,Mandarin,08.35-09.10
09.10-09.35,Break,Break,Break,09.30-09.45,Break,Break,09.10-09.35
09.35-10.10,English A,BI,English B,09.45-10.20,VA,Math,09.35-10.10
10.10-10.45,English A,BI,English B,10.20-10.55,VA,Math,10.10-10.45
10.45-11.20,PSPE,IT,Math,10.55-11.30,Math,Reacter,10.45-11.20
11.20-11.55,PSPE,IT,Break,11.30-11.50,Math,Reacter,11.20-11.55
11.55-12.25,Break,Break,Math,11.50-12.25,Break,Break,11.55-12.25
12.25-13.00,UoI,Music,Assembly,12.25-13.00,UoI,BI,12.25-13.00
13.00-13.35,UoI,Singing,Excur,13.00-14.00,UoI,BI,13.00-13.35
13.35-13.45,Preparation,Preparation,Preparation,14.00-14.05,Preparation,Preparation,13.35-13.45
,,,,,,,
4D (Mr. Ferdi and Ms. Pinta),,,,,,,
Time 1,Monday,Tuesday,Wednesday,Time 2,Thursday,Friday,
07.45-08.00,PC Session,PC Session,UoI,07.45-08.20,PC Session,PC Session,07.45-08.00
08.00-08.35,SEL,BI,UoI,08.20-08.55,Reacter,English B,08.00-08.35
08.35-09.10,P.Pancasila,BI,UoI,08.55-09.30,Reacter,English B,08.35-09.10
09.10-09.35,Break,Break,Break,09.30-09.45,Break,Break,09.10-09.35
09.35-10.10,UoI,Music,Math,09.45-10.20,Math,Mandarin,09.35-10.10
10.10-10.45,UoI,Library,PSPE,10.20-10.55,Math,Mandarin,10.10-10.45
10.45-11.20,English A,English B,PSPE,10.55-11.30,IT,VA,10.45-11.20
11.20-11.55,English A,English B,Break,11.30-11.50,IT,VA,11.20-11.55
11.55-12.25,Break,Break,Math,11.50-12.25,Break,Break,11.55-12.25
12.25-13.00,BI,Singing,Assembly,12.25-13.00,UoI,Math,12.25-13.00
13.00-13.35,BI,Math,Excur,13.00-14.00,UoI,Math,13.00-13.35
13.35-13.45,Preparation,Preparation,Preparation,14.00-14.05,Preparation,Preparation,13.35-13.45
,,,,,,,
5A (Mr. Christian and Mr. Percy),,,,,,,
Time 1,Monday,Tuesday,Wednesday,Time 2,Thursday,Friday,
07.45-08.00,PC Session,PC Session,PC Session,07.45-08.20,English B,PC Session,07.45-08.00
08.00-08.35,Math,Assembly,BI,08.20-08.55,English B,Mandarin,08.00-08.35
08.35-09.10,Math,BI,BI,08.55-09.30,Math,Mandarin,08.35-09.10
09.10-09.45,VA,PSPE,Math,9.30-10.05,Math,Math,09.10-09.45
09.45-10.20,VA,PSPE,Math,10.05-10.20,Break,Math,09.45-10.20
10.20-10.45,Break,Break,Break,10.20-10.55,Singing,Break,10.20-10.45
10.45-11.20,UoI,IT,Music,10.55-11.30,Reacter,English B,10.45-11.20
11.20-11.55,UoI,IT,SEL,11.30-12.05,Reacter,English B,11.20-11.55
11.55-12.25,Break,Break,Break,12.05-12.25,Break,Break,11.55-12.25
12.25-13.00,P.Pancasila,Library,UoI,12.25-13.00,BI,UoI,12.25-13.00
13.00-13.35,English A,UoI,UoI,13.00-13.35,BI,UoI,13.00-13.35
13.35-14.10,English A,UoI,BI,13.35-14.35,Excur,UoI,13.35-14.10
14.10-14.20,Preparation,Preparation,Preparation,14.35-14.40,Preparation,Preparation,14.10-14.20
,,,,,,,
5B (Ms. Rina and Math NT),,,,,,,
Time 1,Monday,Tuesday,Wednesday,Time 2,Thursday,Friday,
07.45-08.00,PC Session,PC Session,PC Session,07.45-08.20,IT,PC Session,07.45-08.00
08.00-08.35,UoI,Assembly,Math,08.20-08.55,IT,Reacter,08.00-08.35
08.35-09.10,UoI,BI,Math,08.55-09.30,English B,Reacter,08.35-09.10
09.10-09.45,Math,English A,English B,9.30-10.05,English B,Mandarin,09.10-09.45
09.45-10.20,Math,English A,English B,10.05-10.20,Break,Mandarin,09.45-10.20
10.20-10.45,Break,Break,Break,10.20-10.55,BI,Break,10.20-10.45
10.45-11.20,VA,PSPE,SEL,10.55-11.30,Singing,Math,10.45-11.20
11.20-11.55,VA,PSPE,Music,11.30-12.05,BI,,11.20-11.55
11.55-12.25,Break,Break,Break,12.05-12.25,Break,Break,11.55-12.25
12.25-13.00,BI,UoI,P.Pancasila,12.25-13.00,Math,UoI,12.25-13.00
13.00-13.35,BI,Library,UoI,13.00-13.35,Math,UoI,13.00-13.35
13.35-14.10,BI,UoI,UoI,13.35-14.35,Excur,UoI,13.35-14.10
14.10-14.20,Preparation,Preparation,Preparation,14.35-14.40,Preparation,Preparation,14.10-14.20
,,,,,,,
5C (Ms. Lisa and Mr. Angga),,,,,,,
Time 1,Monday,Tuesday,Wednesday,Time 2,Thursday,Friday,
07.45-08.00,PC Session,PC Session,PC Session,07.45-08.20,Math,PC Session,07.45-08.00
08.00-08.35,UoI,Assembly,UoI,08.20-08.55,Math,Math,08.00-08.35
08.35-09.10,UoI,UoI,UoI,08.55-09.30,IT,Math,08.35-09.10
09.10-09.45,BI,UoI,P.Pancasila,9.30-10.05,IT,Reacter,09.10-09.45
09.45-10.20,BI,BI,SEL,10.05-10.20,Break,Reacter,09.45-10.20
10.20-10.45,Break,Break,Break,10.20-10.55,English B,Break,10.20-10.45
10.45-11.20,Math,English A,English B,10.55-11.30,English B,Mandarin,10.45-11.20
11.20-11.55,Math,English A,English B,11.30-12.05,Singing,Mandarin,11.20-11.55
11.55-12.25,Break,Break,Break,12.05-12.25,Break,Break,11.55-12.25
12.25-13.00,VA,PSPE,Music,12.25-13.00,BI,UoI,12.25-13.00
13.00-13.35,VA,PSPE,Math,13.00-13.35,BI,UoI,13.00-13.35
13.35-14.10,BI,Library,Math,13.35-14.35,Excur,UoI,13.35-14.10
14.10-14.20,Preparation,Preparation,Preparation,14.35-14.40,Preparation,Preparation,14.10-14.20
,,,,,,,
6A (Mr. Johan and Mr. Ridham),,,,,,,
Time 1,Monday,Tuesday,Wednesday,Time 2,Thursday,Friday,
07.45-08.00,PC Session,PC Session,PC Session,07.45-08.20,Math B,PC Session,07.45-08.00
08.00-08.35,Mandarin,UoI,Math A,08.20-08.55,Math B,English A,08.00-08.35
08.35-09.10,Mandarin,UoI,Math A,08.55-09.30,Music,English A,08.35-09.10
09.10-09.45,Math A,BI,BI,9.30-10.05,BI,VA,09.10-09.45
09.45-10.20,Math A,BI,Singing,10.05-10.20,Break,VA,09.45-10.20
10.20-10.45,Break,Break,Break,10.20-10.55,PSPE,Break,10.20-10.45
10.45-11.20,English B,Math B,English B,10.55-11.30,PSPE,Reacter,10.45-11.20
11.20-11.55,English B,Math B,English B,11.30-12.05,SEL,Reacter,11.20-11.55
11.55-12.25,Break,Break,Break,12.05-12.25,Break,Break,11.55-12.25
12.25-13.00,UoI,IT,BI,12.25-13.00,Library,UoI,12.25-13.00
13.00-13.35,UoI,IT,UoI,13.00-13.35,BI,UoI,13.00-13.35
13.35-14.10,UoI,Assembly,UoI,13.35-14.35,Excur,P.Pancasila,13.35-14.10
14.10-14.20,Preparation,Preparation,Preparation,14.35-14.40,Preparation,Preparation,14.10-14.20
,,,,,,,
6B (Ms. Rani and Mr. Minh),,,,,,,
Time 1,Monday,Tuesday,Wednesday,Time 2,Thursday,Friday,
07.45-08.00,PC Session,PC Session,PC Session,07.45-08.20,Library,PC Session,07.45-08.00
08.00-08.35,Math A,BI,BI,08.20-08.55,English B,PSPE,08.00-08.35
08.35-09.10,Math A,BI,BI,08.55-09.30,English B,PSPE,08.35-09.10
09.10-09.45,Mandarin,Math B,English B,9.30-10.05,Music,English A,09.10-09.45
09.45-10.20,Mandarin,Math B,English B,10.05-10.20,Break,English A,09.45-10.20
10.20-10.45,Break,Break,Break,10.20-10.55,Math B,Break,10.20-10.45
10.45-11.20,IT,Reacter,Singing,10.55-11.30,Math B,UoI,10.45-11.20
11.20-11.55,IT,Reacter,Math B,11.30-12.05,P.Pancasila,UoI,11.20-11.55
11.55-12.25,Break,Break,Break,12.05-12.25,Break,Break,11.55-12.25
12.25-13.00,UoI,UoI,Math B,12.25-13.00,BI,SEL,12.25-13.00
13.00-13.35,UoI,UoI,UoI,13.00-13.35,BI,VA,13.00-13.35
13.35-14.10,UoI,Assembly,UoI,13.35-14.35,Excur,VA,13.35-14.10
14.10-14.20,Preparation,Preparation,Preparation,14.35-14.40,Preparation,Preparation,14.10-14.20
,,,,,,,
6C (Ms. Sandri and Ms. Angi),,,,,,,
Time 1,Monday,Tuesday,Wednesday,Time 2,Thursday,Friday,
07.45-08.00,PC Session,PC Session,PC Session,07.45-08.20,Math A,PC Session,07.45-08.00
08.00-08.35,English B,Mandarin,English B,08.20-08.55,Math A,Math B,08.00-08.35
08.35-09.10,English B,Mandarin,English B,08.55-09.30,BI,Math B,08.35-09.10
09.10-09.45,P.Pancasila,Reacter,Math B,9.30-10.05,BI,PSPE,09.10-09.45
09.45-10.20,Library,Reacter,Math B,10.05-10.20,Break,PSPE,09.45-10.20
10.20-10.45,Break,Break,Break,10.20-10.55,Music,Break,10.20-10.45
10.45-11.20,BI,Math A,BI,10.55-11.30,English A,VA,10.45-11.20
11.20-11.55,BI,Math A,Singing,11.30-12.05,English A,VA,11.20-11.55
11.55-12.25,Break,Break,Break,12.05-12.25,Break,Break,11.55-12.25
12.25-13.00,UoI,UoI,BI,12.25-13.00,IT,UoI,12.25-13.00
13.00-13.35,UoI,UoI,UoI,13.00-13.35,IT,SEL,13.00-13.35
13.35-14.10,UoI,Assembly,UoI,13.35-14.35,Excur,UoI,13.35-14.10
14.10-14.20,Preparation,Preparation,Preparation,14.35-14.40,Preparation,Preparation,14.10-14.20
,,,,,,,
6D (Ms. Nia and Ms. Inggrid),,,,,,,
Time 1,Monday,Tuesday,Wednesday,Time 2,Thursday,Friday,
07.45-08.00,PC Session,PC Session,PC Session,07.45-08.20,English A,PC Session,07.45-08.00
08.00-08.35,BI,Math A,BI,08.20-08.55,English A,UoI,08.00-08.35
08.35-09.10,BI,Math A,BI,08.55-09.30,Math A,UoI,08.35-09.10
09.10-09.45,English B,Mandarin,IT,9.30-10.05,Math A,Reacter,09.10-09.45
09.45-10.20,English B,Mandarin,IT,10.05-10.20,Break,Reacter,09.45-10.20
10.20-10.45,Break,Break,Break,10.20-10.55,BI,Break,10.20-10.45
10.45-11.20,Library,UoI,UoI,10.55-11.30,Music,PSPE,10.45-11.20
11.20-11.55,P.Pancasila,UoI,UoI,11.30-12.05,BI,PSPE,11.20-11.55
11.55-12.25,Break,Break,Break,12.05-12.25,Break,Break,11.55-12.25
12.25-13.00,UoI,English B,Singing,12.25-13.00,VA,Math B,12.25-13.00
13.00-13.35,UoI,English B,IT,13.00-13.35,VA,Math B,13.00-13.35
13.35-14.10,UoI,Assembly,IT,13.35-14.35,Excur,SEL,13.35-14.10
14.10-14.20,Preparation,Preparation,Preparation,14.35-14.40,Preparation,Preparation,14.10-14.20
